Título,Precio
Don Clemente Autentica Loteria Mexican Bingo Set 20 Tablets Colorful and Educational,7. €
The Game of Life: Super Mario Edition Board Game for Kids Ages 8 and Up, Play Minigames, Collect Stars, Battle Bowser,24. €
UNO Minecraft Card Game Videogame-Themed Collectors Deck 112 Cards With Character Images, Gift For Fans Ages 7 Years Old & Up,7. €
Regal Games - Reversible Wooden Board for Chess, Checkers & Tic-Tac-Toe - 24 Interlocking Wooden Checkers and 32 Standard Chess Pieces - for Age 8 to Adult for Family Fun,22. €
Squid Toys Action Figures Building Kit, Popular TV Building Sets, with 6 Cute Characters, Collectible Model, Valentines Day Gifts for Kids or Friends (436 Pieces),13. €
YoYa Toys Beadeez Squishy Stress Relief Balls (3 Pack) - Colorful Squeeze Stretch Balls with Water Beads - Sensory Fidget Toys for Kids and Adults - Increase Focus, Great for ADHD, Autism, Anxiety,15. €
Don Clemente Serpientes Y Escaleras Authentic Mexican Game,9. €
IJO Double Sided Dart Board 29 inch with 12 Sticky Balls-Boys Girls Toys-Indoor/Outdoor Target Game-Party Games for 3 4 5 6 7 8 9 10 11 12 Years Old Boys Girls Childrens,11. €
Elite Sportz Ring Toss Games for Kids - Outdoor Yard Game for Adults & Family - Backyard Toys, Outdoor Games, Yard Games, Backyard Games, Lawn Games, Outdoor Toys For Kids Ages 4-8, Outdoor Toys,19. €
IJO 4 Pack LED Light Airplane Toys-17.5" Large Throwing Foam Plane-2 Flight Modes Glider Plane-Outdoor Flying Toys for Kids-Flying Toys Gift for Boys Girls 3 4 5 6 7 8 9 Years Old,19. €
Pokemon Battle Academy 2 Board Game,14. €
FITZ - ¡Dios Mio! Bilingual Fun Card Game - Juegos de mesa en español - A Comedy Party Tarjeta Game NSFW - 350 Muy Graciosa Cards - Spanish Board Game - Party Games,24. €
Twister Ultimate: Bigger Mat, More Colored Spots, Family, Kids Party Game Age 6+; Compatible with Alexa (Amazon Exclusive),21. €
Conversation Game in Spanish - Why Don't We - Conversar y Conocerse - 120 Cards with Questions, Games, Conversations & More. Fun Game for Adults and Gift for Couples.,22. €
Anbalulu Magnetic Tiles for Kids, Stacking Blocks, Preschool Stem Construction Building Set 100 Pcs,49. €
El Juego Perfecto (The Perfect Game) Audio English & Spanish with Spanish Subtitles,19. €
Classic 6 Game Collection,15. €
Hedbanz Picture Guessing Board Game New Edition, for Families and Kids Ages 8 and up,13. €
Lingle 15Inch Wooden Folding Chess Set with 3'' Kh Staunton Chess Pieces - Maple & Walnut Inlay Board Game,21. €
Skillmatics Educational Game - I Can Write, Reusable Activity Mats with 2 Dry Erase Markers, Gifts for Ages 3 to 6,N/A
Gel Ball Blaster Toy Gun Shooting Games Education Toy Model for 6,7,8,9,14+ Kids Boys Gifts,49. €
Connect 4 Classic Grid , 4 in a Row Game, Strategy Board Games for Kids, 2 Player . for Family and Kids, Ages 6 and Up,5. €
Jenga Classic Game with Genuine Hardwood Blocks, Stacking Tower Game for 1 or More Players, Kids Ages 6 and Up,12. €
UNO Card Game (2 Pack),9. €
UNO Card Game for Family Night, Travel Game & Gift for Kids In a Collectible Storage Tin for 2-10 Players [Amazon Exclusive],10. €
Zastic! Giant Over 6ft Tall Inflatable Kick Darts Game | Jumbo Outdoor Soccer Target Board for Back Yard Games Activity | Includes Balls and Air Pump,155. €
ELCOHO 12 Toss and Catch Sport Game Set Including 12 Toss & Catch Paddles and 12 Toss and Catch Balls (6 Hard Balls and 6 Soft Balls) with Storage Bag for Sport, Beach, Party Favor and Supplies,25. €
Hooomyai 24 Inch Prize Wheel with Folding Tripod Floor Stand Height Adjustable 14 Slots Color Dry Erase Spin Wheel Spinner Game with Dry Erase & Marker Pen for Trade Show Fortune Spinning Game,95. €
Great Boy Handheld Game Console for Kids Preloaded 270 Classic Retro Games with 3.0'' Color Display and Gamepad Rechargeable Arcade Gaming Player (Blue),32. €
Zygomatic Spot It! Classic Card Game (Pocket Edition) | Matching Game | Fun Kids Game for Family Game Night | Travel Game | Great Kids Gift | Ages 6+ | 2-8 Players | Avg. Playtime 15 Mins | Made,5. €
Classic Operation Game,14. €
SEQUENCE- Original SEQUENCE Game with Folding Board, Cards and Chips by Jax ( Packaging may Vary ) White, 10.3" x 8.1" x 2.31",13. €
Pualsol Wooden Memory Game for Kids.20PC Memory Matching Games for Toddlers 2-4 Years.Preschool Memory Card Game.Flash Cards Game for Kids4-8 (Marine Animal),8. €
Mag Genius Educational & Colorful Magnetic Building Building Block Set – 60-Pieces Standard Building Kit,29. €
Giant 4-in-a-Row Connect Game Basketball Activity Outdoor Floor Game for Kids Teenages Adults Indoor Family Fun Board Games, Red/Grey,99. €
Retro Game Console,HD HDMI and RCA Output Game System Built in 620 Classic Video Games and Dual 2.4G Wireless Controllers,Plug and Play TV Games.,49. €
Magnetic Building Blocks Toys for Kids Ages 4-8-12 with Ball Track Educational STEM Toys Gifts for 5-7 6 8 10 Year Old Boys Girls 3D Developmental Stacking Toys Construction Set for Child and Adults,34. €
Regal Games - Deluxe Bingo Set - Includes Bingo Cage, Master Board, 18 Mixed Cards, 75 Calling Balls, Colorful Chips - Ideal for Large Groups, Parties,19. €
Montessori Toys for 1 2 3 Years Old Boys Girls Magnetic Fishing Game Wooden Sorting & Stacking Toys for Baby Boys and Girls, Color Recognition Shape Sorter Blocks Stuffers Stacker Shape Sorter Gift,7. €
UNO - Classic Colour & Number Matching Card Game - 112 Cards - Customizable & Erasable Wild - Special Action Cards Included - Gift for Kids 7+, W2087,6. €
DFGEE Baby Montessori Toys Dinosaur Games Toddler Sensory Fine Motor Skills Learning Educational Activities Outdoor Developmental Toys Gifts for 18 Month Age 2 3 4 One Two Year Old Boys Girls Kids,5. €
Win SPORTS 3 in 1 Carnival Outdoor,Combo Games Set,Soft Plastic Cones,Cornhole Bean Bags,Ring Toss Game,Kids Birthday Party Outdoor Games Supplies 26 Piece Set,17. €
Tyxywmm Toss and Catch Game Ball Set, 4 Rackets and 4 Balls, Outdoor Play Set, Games for Kids, Outdoor Toys, Beach Toys, Games, Catch Games and Beach Play Toy，Sets for Kids/Adults/Families,24. €
Makedo Starter 036 | Cardboard Construction Starter Pack | STEM and STEAM Educational Toys for Kids | Perfect for at Home Play + Classroom Learning | 36 Piece Mix SCRU & SCRU+ for Kids Age 4+,10. €
PADONISE Soft Animal Wrist Rattles Foot Finder Socks Baby Toy Set Cotton Plush Stuffed Animal Toys Car Charm Crib Stroller Soothing Toys for Newborn Gift for Infant Baby 0-3-6-12-24-48 Months,9. €
Junrife Diamond Painting Stickers Kit for Kids,Sparkle Gem Stickers for Girls and Boys, 5D DIY Arts Gem Painting Kits - Best Gift Ideas for Girls Crafts Age 4, 5, 6, 7, 8, 9, 10-12, 6-8,11. €
RMKHFFZ JJ melon birthday party supplies, cartoon birthday party games, stickers on the poster where missing, suitable for girls Orange,blue,red,11. €
Kids Dart Board Game Set-14 Inches Dart Board for Kids with 12 Sticky Balls - Indoor and Outdoor Activities Game for Kids- Safe Darts Board Game Gift Toy for 3 4 5 6 7 8-12 Years Old Kids Boys Girls,8. €
Lutron Pico Smart Remote Control for Caséta Smart Dimmer Switch | PJ2-3BRL-WH-L01R | White,19. €
YUDANSI Magic Bean Puzzle Toy, Rotating Magic Bean Cube&Fidget Spinner 2-in-1, Magic Ball Brain Teaser STEM Game, Grade Promotion Gift for Kids Boys Girls Age 3+, ADHD Teens and Adult as Birthday Gift,8. €
Pressman Toy Pahrcheesi in Box, Red, 5",9. €
USAOPOLY TAPPLE® Word Game | Fast-Paced Family Board Game | Choose a Category & Race Against The Timer to be The Last Player | Learning Game Great for All Ages,16. €
Melissa & Doug Suspend Family Game (31 pcs) - Wire Balance Game, Family Game Night Activities, For Kids Ages 8+,18. €
Guess Who? Original Guessing Game for Kids Ages 6 and Up for 2 Players,25. €
DUILE 32"Large Size Rainbow Number 1 Balloon Set Children's Birthday Party Aluminum Foil Balloon Set (8),8. €
JA-RU Rainbow Jax Toy Set (2 Pack) Big Plastic Jacks Game with Ball for Kids and Adults. Neon Colored Toy Jacks. Fun Vintage Retro Toy. Stocking Stuffers Party Favor Birthday Gifts Bulk. 731-2s,7. €
Hasbro Gaming Jenga Wooden Blocks Stacking Tumbling Tower Kids Game Ages 6 and Up (Amazon Exclusive),16. €
Wireless Retro Game Console,Retro Game Stick,Nostalgia Stick Game,4K HDMI Output,Plug and Play Video Game Stick Built in 10000+ Games,9 Classic Emulators, with Dual 2.4G Wireless Controllers(64G),54. €
Bluey - Shadowlands Board Game - Family Game Night, Unpredictable - Engaging Fun for All - Collect All 5 Cupcake Cards | 2-4 Players | for Ages 3+, Multicolor, 13011,31. €
Vintage Metal Jacks Game Set Retro Toys (1 Pack) Mini Jax Game with Two Bouncy Ball| Classic Family Games | Jacks Games for Kids and Adults | Great Party Favors or Pinata Filler Toy in Bulk 950-1B,5. €
